file_path,component,language,logical_unit,line,caller_symbol,callee_package,callee_subprogram,referenced_symbol
accrul/source/accrul/database/AccLibCurrencyAmount.plsvc,accrul,plsvc,,24,Round_Acc_Currency_Amount___,Company_Finance_API,Get_Currency_Code,Company_Finance_API.Get_Currency_Code
accrul/source/accrul/database/AccLibCurrencyAmount.plsvc,accrul,plsvc,,35,Round_Currency_Amount___,Currency_Amount_API,Get_Rounded_Amount,Currency_Amount_API.Get_Rounded_Amount
accrul/source/accrul/database/AccPeriodCloseUtil.plsql,accrul,plsql,AccPeriodCloseUtil,63,Get_Ext_Trans_Types,Language_sys,Translate_Constant,Language_sys.Translate_Constant
accrul/source/accrul/database/AccPeriodCloseUtil.plsql,accrul,plsql,AccPeriodCloseUtil,64,Get_Ext_Trans_Types,Language_sys,Translate_Constant,Language_sys.Translate_Constant
accrul/source/accrul/database/AccPeriodCloseUtil.plsql,accrul,plsql,AccPeriodCloseUtil,65,Get_Ext_Trans_Types,Language_sys,Translate_Constant,Language_sys.Translate_Constant
accrul/source/accrul/database/AccPeriodCloseUtil.plsql,accrul,plsql,AccPeriodCloseUtil,66,Get_Ext_Trans_Types,Language_sys,Translate_Constant,Language_sys.Translate_Constant
accrul/source/accrul/database/AccPeriodCloseUtil.plsql,accrul,plsql,AccPeriodCloseUtil,67,Get_Ext_Trans_Types,Language_sys,Translate_Constant,Language_sys.Translate_Constant
accrul/source/accrul/database/AccPeriodCloseUtil.plsql,accrul,plsql,AccPeriodCloseUtil,68,Get_Ext_Trans_Types,Language_sys,Translate_Constant,Language_sys.Translate_Constant
accrul/source/accrul/database/AccPeriodCloseUtil.plsql,accrul,plsql,AccPeriodCloseUtil,69,Get_Ext_Trans_Types,Language_sys,Translate_Constant,Language_sys.Translate_Constant
accrul/source/accrul/database/AccPeriodCloseUtil.plsql,accrul,plsql,AccPeriodCloseUtil,70,Get_Ext_Trans_Types,Language_sys,Translate_Constant,Language_sys.Translate_Constant
accrul/source/accrul/database/AccPeriodCloseUtil.plsql,accrul,plsql,AccPeriodCloseUtil,71,Get_Ext_Trans_Types,Language_sys,Translate_Constant,Language_sys.Translate_Constant
accrul/source/accrul/database/AccPeriodCloseUtil.plsql,accrul,plsql,AccPeriodCloseUtil,73,Get_Ext_Trans_Types,Language_Sys,Translate_Constant,Language_Sys.Translate_Constant
accrul/source/accrul/database/AccPeriodCloseUtil.plsql,accrul,plsql,AccPeriodCloseUtil,84,Get_Currency_Reval_Status,Component_Genled_SYS,INSTALLED,Component_Genled_SYS.INSTALLED
accrul/source/accrul/database/AccPeriodCloseUtil.plsql,accrul,plsql,AccPeriodCloseUtil,85,Get_Currency_Reval_Status,Currency_Revaluation_API,Get_Curr_Reval_Status_Lobby,Currency_Revaluation_API.Get_Curr_Reval_Status_Lobby
accrul/source/accrul/database/AccPeriodCloseUtil.plsql,accrul,plsql,AccPeriodCloseUtil,98,Get_Procedure_Status,Component_Percos_SYS,INSTALLED,Component_Percos_SYS.INSTALLED
accrul/source/accrul/database/AccPeriodCloseUtil.plsql,accrul,plsql,AccPeriodCloseUtil,99,Get_Procedure_Status,Cost_Allocation_Procedure_API,Get_Procedure_Status_Lobby,Cost_Allocation_Procedure_API.Get_Procedure_Status_Lobby
accrul/source/accrul/database/AccPeriodCloseUtil.plsql,accrul,plsql,AccPeriodCloseUtil,101,Get_Procedure_Status,Acc_Period_Close_Util_API,NOT_AVAILABLE,Acc_Period_Close_Util_API.NOT_AVAILABLE
accrul/source/accrul/database/AccPeriodCloseUtil.plsql,accrul,plsql,AccPeriodCloseUtil,112,Get_Depr_Prop_Status,Component_Fixass_SYS,INSTALLED,Component_Fixass_SYS.INSTALLED
accrul/source/accrul/database/AccPeriodCloseUtil.plsql,accrul,plsql,AccPeriodCloseUtil,113,Get_Depr_Prop_Status,Depr_Proposal_API,Get_Depr_Prop_Status_Lobby,Depr_Proposal_API.Get_Depr_Prop_Status_Lobby
accrul/source/accrul/database/AccPeriodCloseUtil.plsql,accrul,plsql,AccPeriodCloseUtil,128,Get_Not_Transferred_Count,Accounting_Period_API,Get_Date_Until,Accounting_Period_API.Get_Date_Until
accrul/source/accrul/database/AccPeriodCloseUtil.plsql,accrul,plsql,AccPeriodCloseUtil,145,Get_Not_Transferred_Count_,Component_Mpccom_SYS,INSTALLED,Component_Mpccom_SYS.INSTALLED
accrul/source/accrul/database/AccPeriodCloseUtil.plsql,accrul,plsql,AccPeriodCloseUtil,186,Get_Not_Transferred_Count_,Component_Mpccom_SYS,INSTALLED,Component_Mpccom_SYS.INSTALLED
accrul/source/accrul/database/AccPeriodCloseUtil.plsql,accrul,plsql,AccPeriodCloseUtil,200,Get_Not_Transferred_Count_,Component_Wrktsk_SYS,INSTALLED,Component_Wrktsk_SYS.INSTALLED
accrul/source/accrul/database/AccPeriodCloseUtil.plsql,accrul,plsql,AccPeriodCloseUtil,201,Get_Not_Transferred_Count_,Voucher_Type_Detail_API,Get_Function_Group,Voucher_Type_Detail_API.Get_Function_Group
accrul/source/accrul/database/AccPeriodCloseUtil.plsql,accrul,plsql,AccPeriodCloseUtil,203,Get_Not_Transferred_Count_,Work_Order_Cost_Type_API,DB_PERSONNEL,Work_Order_Cost_Type_API.DB_PERSONNEL
accrul/source/accrul/database/AccPeriodCloseUtil.plsql,accrul,plsql,AccPeriodCloseUtil,205,Get_Not_Transferred_Count_,Work_Order_Cost_Type_API,DB_TOOLS_FACILITIES,Work_Order_Cost_Type_API.DB_TOOLS_FACILITIES
accrul/source/accrul/database/AccPeriodCloseUtil.plsql,accrul,plsql,AccPeriodCloseUtil,207,Get_Not_Transferred_Count_,Work_Order_Cost_Type_API,DB_EXTERNAL,Work_Order_Cost_Type_API.DB_EXTERNAL
accrul/source/accrul/database/AccPeriodCloseUtil.plsql,accrul,plsql,AccPeriodCloseUtil,209,Get_Not_Transferred_Count_,Work_Order_Cost_Type_API,DB_EXPENSES,Work_Order_Cost_Type_API.DB_EXPENSES
accrul/source/accrul/database/AccPeriodCloseUtil.plsql,accrul,plsql,AccPeriodCloseUtil,211,Get_Not_Transferred_Count_,Work_Order_Cost_Type_API,DB_MATERIAL,Work_Order_Cost_Type_API.DB_MATERIAL
accrul/source/accrul/database/AccPeriodCloseUtil.plsql,accrul,plsql,AccPeriodCloseUtil,213,Get_Not_Transferred_Count_,Jt_Task_Accounting_Util_API,Get_Untransferd_Account_Count,Jt_Task_Accounting_Util_API.Get_Untransferd_Account_Count
accrul/source/accrul/database/AccPeriodCloseUtil.plsql,accrul,plsql,AccPeriodCloseUtil,230,Get_Period_Allocation_Until,Period_Allocation_API,Exists_Year_Period_Until,Period_Allocation_API.Exists_Year_Period_Until
accrul/source/accrul/database/AccPeriodCloseUtil.plsql,accrul,plsql,AccPeriodCloseUtil,232,Get_Period_Allocation_Until,Component_Intled_SYS,INSTALLED,Component_Intled_SYS.INSTALLED
accrul/source/accrul/database/AccPeriodCloseUtil.plsql,accrul,plsql,AccPeriodCloseUtil,234,Get_Period_Allocation_Until,Int_Period_Allocation_API,Exists_Year_Period_Until,Int_Period_Allocation_API.Exists_Year_Period_Until
accrul/source/accrul/database/AccPeriodCloseUtil.plsql,accrul,plsql,AccPeriodCloseUtil,248,Get_Voucher_Count,Company_Finance_API,Is_User_Authorized,Company_Finance_API.Is_User_Authorized
accrul/source/accrul/database/AccPeriodCloseUtil.plsql,accrul,plsql,AccPeriodCloseUtil,252,Get_Voucher_Count,Voucher_API,Get_Voucher_Count_Period_Until,Voucher_API.Get_Voucher_Count_Period_Until
accrul/source/accrul/database/AccPeriodCloseUtil.plsql,accrul,plsql,AccPeriodCloseUtil,254,Get_Voucher_Count,Component_Intled_SYS,INSTALLED,Component_Intled_SYS.INSTALLED
accrul/source/accrul/database/AccPeriodCloseUtil.plsql,accrul,plsql,AccPeriodCloseUtil,255,Get_Voucher_Count,Internal_Hold_Voucher_API,Get_Voucher_Count_Period_Until,Internal_Hold_Voucher_API.Get_Voucher_Count_Period_Until
accrul/source/accrul/database/AccPeriodCloseUtil.plsql,accrul,plsql,AccPeriodCloseUtil,269,Get_Month_End_Final_Status,Accounting_Period_API,Public_Rec,Accounting_Period_API.Public_Rec
accrul/source/accrul/database/AccPeriodCloseUtil.plsql,accrul,plsql,AccPeriodCloseUtil,272,Get_Month_End_Final_Status,Accounting_Period_API,Get,Accounting_Period_API.Get
accrul/source/accrul/database/AccPeriodCloseUtil.plsql,accrul,plsql,AccPeriodCloseUtil,279,Get_Month_End_Final_Status,Voucher_API,Check_If_Postings_In_Voucher,Voucher_API.Check_If_Postings_In_Voucher
accrul/source/accrul/database/AccPeriodCloseUtil.plsql,accrul,plsql,AccPeriodCloseUtil,284,Get_Month_End_Final_Status,Component_Intled_SYS,INSTALLED,Component_Intled_SYS.INSTALLED
accrul/source/accrul/database/AccPeriodCloseUtil.plsql,accrul,plsql,AccPeriodCloseUtil,286,Get_Month_End_Final_Status,Internal_Hold_Voucher_API,Check_If_Postings_In_Voucher,Internal_Hold_Voucher_API.Check_If_Postings_In_Voucher
accrul/source/accrul/database/AccPeriodCloseUtil.plsql,accrul,plsql,AccPeriodCloseUtil,293,Get_Month_End_Final_Status,Period_Allocation_API,Check_Year_Period_Exist_Ledger,Period_Allocation_API.Check_Year_Period_Exist_Ledger
accrul/source/accrul/database/AccPeriodCloseUtil.plsql,accrul,plsql,AccPeriodCloseUtil,296,Get_Month_End_Final_Status,Component_Intled_SYS,INSTALLED,Component_Intled_SYS.INSTALLED
accrul/source/accrul/database/AccPeriodCloseUtil.plsql,accrul,plsql,AccPeriodCloseUtil,298,Get_Month_End_Final_Status,Int_Period_Allocation_API,Check_Year_Period_Exist_Ledger,Int_Period_Allocation_API.Check_Year_Period_Exist_Ledger
accrul/source/accrul/database/AccPeriodCloseUtil.plsql,accrul,plsql,AccPeriodCloseUtil,303,Get_Month_End_Final_Status,Component_Genled_SYS,INSTALLED,Component_Genled_SYS.INSTALLED
accrul/source/accrul/database/AccPeriodCloseUtil.plsql,accrul,plsql,AccPeriodCloseUtil,304,Get_Month_End_Final_Status,Currency_Revaluation_API,Check_Non_Posted_Reval_Exist,Currency_Revaluation_API.Check_Non_Posted_Reval_Exist
accrul/source/accrul/database/AccPeriodCloseUtil.plsql,accrul,plsql,AccPeriodCloseUtil,306,Get_Month_End_Final_Status,Revenue_Recognition_API,All_Posted_For_Period_Ledger,Revenue_Recognition_API.All_Posted_For_Period_Ledger
accrul/source/accrul/database/AccPeriodCloseUtil.plsql,accrul,plsql,AccPeriodCloseUtil,310,Get_Month_End_Final_Status,Component_Percos_SYS,INSTALLED,Component_Percos_SYS.INSTALLED
accrul/source/accrul/database/AccPeriodCloseUtil.plsql,accrul,plsql,AccPeriodCloseUtil,311,Get_Month_End_Final_Status,Cost_Allocation_Procedure_API,Check_Non_Closed_Proc_Exist,Cost_Allocation_Procedure_API.Check_Non_Closed_Proc_Exist
accrul/source/accrul/database/AccPeriodCloseUtil.plsql,accrul,plsql,AccPeriodCloseUtil,316,Get_Month_End_Final_Status,Period_Type_API,DB_YEAR_OPENING,Period_Type_API.DB_YEAR_OPENING
accrul/source/accrul/database/AccPeriodCloseUtil.plsql,accrul,plsql,AccPeriodCloseUtil,317,Get_Month_End_Final_Status,Component_Mpccom_SYS,INSTALLED,Component_Mpccom_SYS.INSTALLED
accrul/source/accrul/database/AccPeriodCloseUtil.plsql,accrul,plsql,AccPeriodCloseUtil,318,Get_Month_End_Final_Status,Mpccom_Accounting_API,All_Postings_Transferred,Mpccom_Accounting_API.All_Postings_Transferred
accrul/source/accrul/database/AccPeriodCloseUtil.plsql,accrul,plsql,AccPeriodCloseUtil,322,Get_Month_End_Final_Status,Component_Wrktsk_SYS,INSTALLED,Component_Wrktsk_SYS.INSTALLED
accrul/source/accrul/database/AccPeriodCloseUtil.plsql,accrul,plsql,AccPeriodCloseUtil,323,Get_Month_End_Final_Status,Jt_Task_Transaction_API,All_Postings_Trans_Error,Jt_Task_Transaction_API.All_Postings_Trans_Error
accrul/source/accrul/database/AccPeriodCloseUtil.plsql,accrul,plsql,AccPeriodCloseUtil,330,Get_Month_End_Final_Status,Component_Invoic_SYS,INSTALLED,Component_Invoic_SYS.INSTALLED
accrul/source/accrul/database/AccPeriodCloseUtil.plsql,accrul,plsql,AccPeriodCloseUtil,331,Get_Month_End_Final_Status,Invoice_API,Post_Error_Invs_Exist,Invoice_API.Post_Error_Invs_Exist
accrul/source/accrul/database/AccPeriodCloseUtil.plsql,accrul,plsql,AccPeriodCloseUtil,335,Get_Month_End_Final_Status,Invoice_Utility_Pub_API,Preliminary_Invs_Exist,Invoice_Utility_Pub_API.Preliminary_Invs_Exist
accrul/source/accrul/database/AccPeriodCloseUtil.plsql,accrul,plsql,AccPeriodCloseUtil,338,Get_Month_End_Final_Status,Ext_Inc_Inv_Load_Info_API,Check_Non_Created_Inv_Exist,Ext_Inc_Inv_Load_Info_API.Check_Non_Created_Inv_Exist
accrul/source/accrul/database/AccPeriodCloseUtil.plsql,accrul,plsql,AccPeriodCloseUtil,340,Get_Month_End_Final_Status,Ext_Out_Inv_Load_Info_API,Check_Non_Created_Inv_Exist,Ext_Out_Inv_Load_Info_API.Check_Non_Created_Inv_Exist
accrul/source/accrul/database/AccPeriodCloseUtil.plsql,accrul,plsql,AccPeriodCloseUtil,345,Get_Month_End_Final_Status,Component_Payled_SYS,INSTALLED,Component_Payled_SYS.INSTALLED
accrul/source/accrul/database/AccPeriodCloseUtil.plsql,accrul,plsql,AccPeriodCloseUtil,346,Get_Month_End_Final_Status,Prel_Payment_Trans_Util_API,Check_Non_Approved_Paym_Exists,Prel_Payment_Trans_Util_API.Check_Non_Approved_Paym_Exists
accrul/source/accrul/database/AccPeriodCloseUtil.plsql,accrul,plsql,AccPeriodCloseUtil,349,Get_Month_End_Final_Status,Mixed_Payment_API,All_Approved_For_Period,Mixed_Payment_API.All_Approved_For_Period
accrul/source/accrul/database/AccPeriodCloseUtil.plsql,accrul,plsql,AccPeriodCloseUtil,351,Get_Month_End_Final_Status,Cash_Box_API,All_Approved_For_Period,Cash_Box_API.All_Approved_For_Period
accrul/source/accrul/database/AccPeriodCloseUtil.plsql,accrul,plsql,AccPeriodCloseUtil,353,Get_Month_End_Final_Status,Ext_Payment_Head_API,Check_Non_Used_Pay_Exist,Ext_Payment_Head_API.Check_Non_Used_Pay_Exist
accrul/source/accrul/database/AccPeriodCloseUtil.plsql,accrul,plsql,AccPeriodCloseUtil,357,Get_Month_End_Final_Status,Component_Fixass_SYS,INSTALLED,Component_Fixass_SYS.INSTALLED
accrul/source/accrul/database/AccPeriodCloseUtil.plsql,accrul,plsql,AccPeriodCloseUtil,358,Get_Month_End_Final_Status,Fa_Object_Transaction_API,All_Imp_Trans_Post_For_Period,Fa_Object_Transaction_API.All_Imp_Trans_Post_For_Period
accrul/source/accrul/database/AccPeriodCloseUtil.plsql,accrul,plsql,AccPeriodCloseUtil,360,Get_Month_End_Final_Status,Change_Object_Value_Temp_API,All_Change_Acq_Post_For_Period,Change_Object_Value_Temp_API.All_Change_Acq_Post_For_Period
accrul/source/accrul/database/AccPeriodCloseUtil.plsql,accrul,plsql,AccPeriodCloseUtil,362,Get_Month_End_Final_Status,Change_Object_Value_Temp_API,All_Change_Net_Post_For_Period,Change_Object_Value_Temp_API.All_Change_Net_Post_For_Period
accrul/source/accrul/database/AccPeriodCloseUtil.plsql,accrul,plsql,AccPeriodCloseUtil,364,Get_Month_End_Final_Status,Depr_Proposal_API,All_Proposal_Post_For_Period,Depr_Proposal_API.All_Proposal_Post_For_Period
accrul/source/accrul/database/AccPeriodCloseUtil.plsql,accrul,plsql,AccPeriodCloseUtil,368,Get_Month_End_Final_Status,Ext_Load_Info_API,Non_Created_Vou_Exist_Ledger,Ext_Load_Info_API.Non_Created_Vou_Exist_Ledger
accrul/source/accrul/database/AccPeriodCloseUtil.plsql,accrul,plsql,AccPeriodCloseUtil,380,Get_GL_Trans_Types,Language_sys,Translate_Constant,Language_sys.Translate_Constant
accrul/source/accrul/database/AccPeriodCloseUtil.plsql,accrul,plsql,AccPeriodCloseUtil,381,Get_GL_Trans_Types,Language_sys,Translate_Constant,Language_sys.Translate_Constant
accrul/source/accrul/database/AccPeriodCloseUtil.plsql,accrul,plsql,AccPeriodCloseUtil,382,Get_GL_Trans_Types,Language_sys,Translate_Constant,Language_sys.Translate_Constant
accrul/source/accrul/database/AccPeriodCloseUtil.plsql,accrul,plsql,AccPeriodCloseUtil,383,Get_GL_Trans_Types,Language_sys,Translate_Constant,Language_sys.Translate_Constant
accrul/source/accrul/database/AccPeriodCloseUtil.plsql,accrul,plsql,AccPeriodCloseUtil,384,Get_GL_Trans_Types,Language_sys,Translate_Constant,Language_sys.Translate_Constant
accrul/source/accrul/database/AccPeriodCloseUtil.plsql,accrul,plsql,AccPeriodCloseUtil,385,Get_GL_Trans_Types,Language_sys,Translate_Constant,Language_sys.Translate_Constant
accrul/source/accrul/database/AccPeriodCloseUtil.plsql,accrul,plsql,AccPeriodCloseUtil,386,Get_GL_Trans_Types,Language_sys,Translate_Constant,Language_sys.Translate_Constant
accrul/source/accrul/database/AccPeriodCloseUtil.plsql,accrul,plsql,AccPeriodCloseUtil,387,Get_GL_Trans_Types,Language_sys,Translate_Constant,Language_sys.Translate_Constant
accrul/source/accrul/database/AccPeriodCloseUtil.plsql,accrul,plsql,AccPeriodCloseUtil,388,Get_GL_Trans_Types,Language_sys,Translate_Constant,Language_sys.Translate_Constant
accrul/source/accrul/database/AccPeriodCloseUtil.plsql,accrul,plsql,AccPeriodCloseUtil,389,Get_GL_Trans_Types,Language_sys,Translate_Constant,Language_sys.Translate_Constant
accrul/source/accrul/database/AccPeriodCloseUtil.plsql,accrul,plsql,AccPeriodCloseUtil,390,Get_GL_Trans_Types,Language_sys,Translate_Constant,Language_sys.Translate_Constant
accrul/source/accrul/database/AccPeriodCloseUtil.plsql,accrul,plsql,AccPeriodCloseUtil,391,Get_GL_Trans_Types,Language_sys,Translate_Constant,Language_sys.Translate_Constant
accrul/source/accrul/database/AccPeriodCloseUtil.plsql,accrul,plsql,AccPeriodCloseUtil,392,Get_GL_Trans_Types,Language_sys,Translate_Constant,Language_sys.Translate_Constant
accrul/source/accrul/database/AccPeriodCloseUtil.plsql,accrul,plsql,AccPeriodCloseUtil,393,Get_GL_Trans_Types,Language_sys,Translate_Constant,Language_sys.Translate_Constant
accrul/source/accrul/database/AccPeriodCloseUtil.plsql,accrul,plsql,AccPeriodCloseUtil,394,Get_GL_Trans_Types,Language_sys,Translate_Constant,Language_sys.Translate_Constant
accrul/source/accrul/database/AccPeriodCloseUtil.plsql,accrul,plsql,AccPeriodCloseUtil,395,Get_GL_Trans_Types,Language_sys,Translate_Constant,Language_sys.Translate_Constant
accrul/source/accrul/database/AccPeriodCloseUtil.plsql,accrul,plsql,AccPeriodCloseUtil,396,Get_GL_Trans_Types,Language_sys,Translate_Constant,Language_sys.Translate_Constant
accrul/source/accrul/database/AccPeriodCloseUtil.plsql,accrul,plsql,AccPeriodCloseUtil,397,Get_GL_Trans_Types,Language_sys,Translate_Constant,Language_sys.Translate_Constant
accrul/source/accrul/database/AccPeriodCloseUtil.plsql,accrul,plsql,AccPeriodCloseUtil,398,Get_GL_Trans_Types,Language_sys,Translate_Constant,Language_sys.Translate_Constant
accrul/source/accrul/database/AccPeriodCloseUtil.plsql,accrul,plsql,AccPeriodCloseUtil,399,Get_GL_Trans_Types,Language_sys,Translate_Constant,Language_sys.Translate_Constant
accrul/source/accrul/database/AccPeriodCloseUtil.plsql,accrul,plsql,AccPeriodCloseUtil,450,Get_Not_Transferred,Component_Intled_SYS,INSTALLED,Component_Intled_SYS.INSTALLED
accrul/source/accrul/database/AccPeriodCloseUtil.plsql,accrul,plsql,AccPeriodCloseUtil,452,Get_Not_Transferred,Internal_Ledger_API,Exists,Internal_Ledger_API.Exists
accrul/source/accrul/database/AccPeriodCloseUtil.plsql,accrul,plsql,AccPeriodCloseUtil,456,Get_Not_Transferred,Accounting_Period_API,Get_Period_Date,Accounting_Period_API.Get_Period_Date
accrul/source/accrul/database/AccPeriodCloseUtil.plsql,accrul,plsql,AccPeriodCloseUtil,459,Get_Not_Transferred,Voucher_API,Check_If_Postings_In_Voucher,Voucher_API.Check_If_Postings_In_Voucher
accrul/source/accrul/database/AccPeriodCloseUtil.plsql,accrul,plsql,AccPeriodCloseUtil,464,Get_Not_Transferred,Component_Intled_SYS,INSTALLED,Component_Intled_SYS.INSTALLED
accrul/source/accrul/database/AccPeriodCloseUtil.plsql,accrul,plsql,AccPeriodCloseUtil,469,Get_Not_Transferred,Internal_Hold_Voucher_API,Check_If_Postings_In_Voucher,Internal_Hold_Voucher_API.Check_If_Postings_In_Voucher
accrul/source/accrul/database/AccPeriodCloseUtil.plsql,accrul,plsql,AccPeriodCloseUtil,478,Get_Not_Transferred,Period_Allocation_API,Check_Year_Period_Exist_Ledger,Period_Allocation_API.Check_Year_Period_Exist_Ledger
accrul/source/accrul/database/AccPeriodCloseUtil.plsql,accrul,plsql,AccPeriodCloseUtil,482,Get_Not_Transferred,Component_Intled_SYS,INSTALLED,Component_Intled_SYS.INSTALLED
accrul/source/accrul/database/AccPeriodCloseUtil.plsql,accrul,plsql,AccPeriodCloseUtil,488,Get_Not_Transferred,Int_Period_Allocation_API,Check_Year_Period_Exist_Ledger,Int_Period_Allocation_API.Check_Year_Period_Exist_Ledger
accrul/source/accrul/database/AccPeriodCloseUtil.plsql,accrul,plsql,AccPeriodCloseUtil,495,Get_Not_Transferred,Component_Genled_SYS,INSTALLED,Component_Genled_SYS.INSTALLED
accrul/source/accrul/database/AccPeriodCloseUtil.plsql,accrul,plsql,AccPeriodCloseUtil,501,Get_Not_Transferred,Currency_Revaluation_API,Check_Non_Posted_Reval_Exist,Currency_Revaluation_API.Check_Non_Posted_Reval_Exist
accrul/source/accrul/database/AccPeriodCloseUtil.plsql,accrul,plsql,AccPeriodCloseUtil,510,Get_Not_Transferred,Component_Genled_SYS,INSTALLED,Component_Genled_SYS.INSTALLED
accrul/source/accrul/database/AccPeriodCloseUtil.plsql,accrul,plsql,AccPeriodCloseUtil,516,Get_Not_Transferred,Revenue_Recognition_API,All_Posted_For_Period_Ledger,Revenue_Recognition_API.All_Posted_For_Period_Ledger
accrul/source/accrul/database/AccPeriodCloseUtil.plsql,accrul,plsql,AccPeriodCloseUtil,525,Get_Not_Transferred,Component_Percos_SYS,INSTALLED,Component_Percos_SYS.INSTALLED
accrul/source/accrul/database/AccPeriodCloseUtil.plsql,accrul,plsql,AccPeriodCloseUtil,531,Get_Not_Transferred,Cost_Allocation_Procedure_API,Check_Non_Closed_Proc_Exist,Cost_Allocation_Procedure_API.Check_Non_Closed_Proc_Exist
accrul/source/accrul/database/AccPeriodCloseUtil.plsql,accrul,plsql,AccPeriodCloseUtil,540,Get_Not_Transferred,Component_Mpccom_SYS,INSTALLED,Component_Mpccom_SYS.INSTALLED
accrul/source/accrul/database/AccPeriodCloseUtil.plsql,accrul,plsql,AccPeriodCloseUtil,541,Get_Not_Transferred,Mpccom_Accounting_API,All_Postings_Transferred,Mpccom_Accounting_API.All_Postings_Transferred
accrul/source/accrul/database/AccPeriodCloseUtil.plsql,accrul,plsql,AccPeriodCloseUtil,550,Get_Not_Transferred,Component_Wrktsk_SYS,INSTALLED,Component_Wrktsk_SYS.INSTALLED
accrul/source/accrul/database/AccPeriodCloseUtil.plsql,accrul,plsql,AccPeriodCloseUtil,551,Get_Not_Transferred,Jt_Task_Transaction_API,All_Postings_Trans_Error,Jt_Task_Transaction_API.All_Postings_Trans_Error
accrul/source/accrul/database/AccPeriodCloseUtil.plsql,accrul,plsql,AccPeriodCloseUtil,563,Get_Not_Transferred,Component_Invoic_SYS,INSTALLED,Component_Invoic_SYS.INSTALLED
accrul/source/accrul/database/AccPeriodCloseUtil.plsql,accrul,plsql,AccPeriodCloseUtil,564,Get_Not_Transferred,Invoice_API,Get_Cust_Invo_Post_Err,Invoice_API.Get_Cust_Invo_Post_Err
accrul/source/accrul/database/AccPeriodCloseUtil.plsql,accrul,plsql,AccPeriodCloseUtil,568,Get_Not_Transferred,Component_Invoic_SYS,INSTALLED,Component_Invoic_SYS.INSTALLED
accrul/source/accrul/database/AccPeriodCloseUtil.plsql,accrul,plsql,AccPeriodCloseUtil,569,Get_Not_Transferred,Invoice_API,Get_Cust_Inv_Prelpost_Err,Invoice_API.Get_Cust_Inv_Prelpost_Err
accrul/source/accrul/database/AccPeriodCloseUtil.plsql,accrul,plsql,AccPeriodCloseUtil,573,Get_Not_Transferred,Component_Payled_SYS,INSTALLED,Component_Payled_SYS.INSTALLED
accrul/source/accrul/database/AccPeriodCloseUtil.plsql,accrul,plsql,AccPeriodCloseUtil,574,Get_Not_Transferred,Prel_Payment_API,Get_Not_Approved_Prel_Pay,Prel_Payment_API.Get_Not_Approved_Prel_Pay
accrul/source/accrul/database/AccPeriodCloseUtil.plsql,accrul,plsql,AccPeriodCloseUtil,579,Get_Not_Transferred,Component_Payled_SYS,INSTALLED,Component_Payled_SYS.INSTALLED
accrul/source/accrul/database/AccPeriodCloseUtil.plsql,accrul,plsql,AccPeriodCloseUtil,580,Get_Not_Transferred,Mixed_Payment_API,Get_Not_Approved_Mix_Pay,Mixed_Payment_API.Get_Not_Approved_Mix_Pay
accrul/source/accrul/database/AccPeriodCloseUtil.plsql,accrul,plsql,AccPeriodCloseUtil,584,Get_Not_Transferred,Component_Payled_SYS,INSTALLED,Component_Payled_SYS.INSTALLED
accrul/source/accrul/database/AccPeriodCloseUtil.plsql,accrul,plsql,AccPeriodCloseUtil,585,Get_Not_Transferred,Cash_Box_API,Get_Not_Approved_Cash_Box,Cash_Box_API.Get_Not_Approved_Cash_Box
accrul/source/accrul/database/AccPeriodCloseUtil.plsql,accrul,plsql,AccPeriodCloseUtil,590,Get_Not_Transferred,Component_Fixass_SYS,INSTALLED,Component_Fixass_SYS.INSTALLED
accrul/source/accrul/database/AccPeriodCloseUtil.plsql,accrul,plsql,AccPeriodCloseUtil,591,Get_Not_Transferred,Fa_Object_Transaction_API,All_Imp_Trans_Post_For_Period,Fa_Object_Transaction_API.All_Imp_Trans_Post_For_Period
accrul/source/accrul/database/AccPeriodCloseUtil.plsql,accrul,plsql,AccPeriodCloseUtil,600,Get_Not_Transferred,Component_Fixass_SYS,INSTALLED,Component_Fixass_SYS.INSTALLED
accrul/source/accrul/database/AccPeriodCloseUtil.plsql,accrul,plsql,AccPeriodCloseUtil,601,Get_Not_Transferred,Change_Object_Value_Temp_API,All_Change_Acq_Post_For_Period,Change_Object_Value_Temp_API.All_Change_Acq_Post_For_Period
accrul/source/accrul/database/AccPeriodCloseUtil.plsql,accrul,plsql,AccPeriodCloseUtil,610,Get_Not_Transferred,Component_Fixass_SYS,INSTALLED,Component_Fixass_SYS.INSTALLED
accrul/source/accrul/database/AccPeriodCloseUtil.plsql,accrul,plsql,AccPeriodCloseUtil,616,Get_Not_Transferred,Change_Object_Value_Temp_API,All_Change_Net_Post_For_Period,Change_Object_Value_Temp_API.All_Change_Net_Post_For_Period
accrul/source/accrul/database/AccPeriodCloseUtil.plsql,accrul,plsql,AccPeriodCloseUtil,625,Get_Not_Transferred,Component_Fixass_SYS,INSTALLED,Component_Fixass_SYS.INSTALLED
accrul/source/accrul/database/AccPeriodCloseUtil.plsql,accrul,plsql,AccPeriodCloseUtil,631,Get_Not_Transferred,Depr_Proposal_API,All_Proposal_Post_For_Period,Depr_Proposal_API.All_Proposal_Post_For_Period
accrul/source/accrul/database/AccPeriodCloseUtil.plsql,accrul,plsql,AccPeriodCloseUtil,645,Get_Not_Transferred,Ext_Load_Info_API,Non_Created_Vou_Exist_Ledger,Ext_Load_Info_API.Non_Created_Vou_Exist_Ledger
accrul/source/accrul/database/AccPeriodCloseUtil.plsql,accrul,plsql,AccPeriodCloseUtil,651,Get_Not_Transferred,Component_Invoic_SYS,INSTALLED,Component_Invoic_SYS.INSTALLED
accrul/source/accrul/database/AccPeriodCloseUtil.plsql,accrul,plsql,AccPeriodCloseUtil,652,Get_Not_Transferred,Ext_Inc_Inv_Load_Info_API,Check_Non_Created_Inv_Exist,Ext_Inc_Inv_Load_Info_API.Check_Non_Created_Inv_Exist
accrul/source/accrul/database/AccPeriodCloseUtil.plsql,accrul,plsql,AccPeriodCloseUtil,661,Get_Not_Transferred,Component_Invoic_SYS,INSTALLED,Component_Invoic_SYS.INSTALLED
accrul/source/accrul/database/AccPeriodCloseUtil.plsql,accrul,plsql,AccPeriodCloseUtil,662,Get_Not_Transferred,Ext_Out_Inv_Load_Info_API,Check_Non_Created_Inv_Exist,Ext_Out_Inv_Load_Info_API.Check_Non_Created_Inv_Exist
accrul/source/accrul/database/AccPeriodCloseUtil.plsql,accrul,plsql,AccPeriodCloseUtil,671,Get_Not_Transferred,Component_Payled_SYS,INSTALLED,Component_Payled_SYS.INSTALLED
accrul/source/accrul/database/AccPeriodCloseUtil.plsql,accrul,plsql,AccPeriodCloseUtil,672,Get_Not_Transferred,Ext_Payment_Head_API,Check_Non_Used_Pay_Exist,Ext_Payment_Head_API.Check_Non_Used_Pay_Exist
accrul/source/accrul/database/AccPeriodLedgerInfo.plsql,accrul,plsql,AccPeriodLedgerInfo,26,Import___,Enterp_Comp_Connect_V170_API,Crecomp_Lu_Public_Rec,Enterp_Comp_Connect_V170_API.Crecomp_Lu_Public_Rec
accrul/source/accrul/database/AccPeriodLedgerInfo.plsql,accrul,plsql,AccPeriodLedgerInfo,50,Import___,Enterp_Comp_Connect_V170_API,Use_Keys,Enterp_Comp_Connect_V170_API.Use_Keys
accrul/source/accrul/database/AccPeriodLedgerInfo.plsql,accrul,plsql,AccPeriodLedgerInfo,53,Import___,Company_Finance_API,Get_User_Def_Cal,Company_Finance_API.Get_User_Def_Cal
accrul/source/accrul/database/AccPeriodLedgerInfo.plsql,accrul,plsql,AccPeriodLedgerInfo,73,Import___,Enterp_Comp_Connect_V170_API,Log_Logging,Enterp_Comp_Connect_V170_API.Log_Logging
accrul/source/accrul/database/AccPeriodLedgerInfo.plsql,accrul,plsql,AccPeriodLedgerInfo,78,Import___,Language_SYS,Translate_Constant,Language_SYS.Translate_Constant
accrul/source/accrul/database/AccPeriodLedgerInfo.plsql,accrul,plsql,AccPeriodLedgerInfo,79,Import___,Enterp_Comp_Connect_V170_API,Log_Logging,Enterp_Comp_Connect_V170_API.Log_Logging
accrul/source/accrul/database/AccPeriodLedgerInfo.plsql,accrul,plsql,AccPeriodLedgerInfo,82,Import___,Enterp_Comp_Connect_V170_API,Log_Logging,Enterp_Comp_Connect_V170_API.Log_Logging
accrul/source/accrul/database/AccPeriodLedgerInfo.plsql,accrul,plsql,AccPeriodLedgerInfo,84,Import___,Enterp_Comp_Connect_V170_API,Log_Logging,Enterp_Comp_Connect_V170_API.Log_Logging
accrul/source/accrul/database/AccPeriodLedgerInfo.plsql,accrul,plsql,AccPeriodLedgerInfo,108,Import___,Enterp_Comp_Connect_V170_API,Log_Logging,Enterp_Comp_Connect_V170_API.Log_Logging
accrul/source/accrul/database/AccPeriodLedgerInfo.plsql,accrul,plsql,AccPeriodLedgerInfo,130,Import___,Enterp_Comp_Connect_V170_API,Log_Logging,Enterp_Comp_Connect_V170_API.Log_Logging
accrul/source/accrul/database/AccPeriodLedgerInfo.plsql,accrul,plsql,AccPeriodLedgerInfo,135,Import___,Language_SYS,Translate_Constant,Language_SYS.Translate_Constant
accrul/source/accrul/database/AccPeriodLedgerInfo.plsql,accrul,plsql,AccPeriodLedgerInfo,136,Import___,Enterp_Comp_Connect_V170_API,Log_Logging,Enterp_Comp_Connect_V170_API.Log_Logging
accrul/source/accrul/database/AccPeriodLedgerInfo.plsql,accrul,plsql,AccPeriodLedgerInfo,139,Import___,Enterp_Comp_Connect_V170_API,Log_Logging,Enterp_Comp_Connect_V170_API.Log_Logging
accrul/source/accrul/database/AccPeriodLedgerInfo.plsql,accrul,plsql,AccPeriodLedgerInfo,141,Import___,Enterp_Comp_Connect_V170_API,Log_Logging,Enterp_Comp_Connect_V170_API.Log_Logging
accrul/source/accrul/database/AccPeriodLedgerInfo.plsql,accrul,plsql,AccPeriodLedgerInfo,145,Import___,Enterp_Comp_Connect_V170_API,Log_Logging,Enterp_Comp_Connect_V170_API.Log_Logging
accrul/source/accrul/database/AccPeriodLedgerInfo.plsql,accrul,plsql,AccPeriodLedgerInfo,151,Import___,Enterp_Comp_Connect_V170_API,Log_Logging,Enterp_Comp_Connect_V170_API.Log_Logging
accrul/source/accrul/database/AccPeriodLedgerInfo.plsql,accrul,plsql,AccPeriodLedgerInfo,152,Import___,Enterp_Comp_Connect_V170_API,Log_Logging,Enterp_Comp_Connect_V170_API.Log_Logging
accrul/source/accrul/database/AccPeriodLedgerInfo.plsql,accrul,plsql,AccPeriodLedgerInfo,157,Copy___,Enterp_Comp_Connect_V170_API,Crecomp_Lu_Public_Rec,Enterp_Comp_Connect_V170_API.Crecomp_Lu_Public_Rec
accrul/source/accrul/database/AccPeriodLedgerInfo.plsql,accrul,plsql,AccPeriodLedgerInfo,179,Copy___,Enterp_Comp_Connect_V170_API,Use_Keys,Enterp_Comp_Connect_V170_API.Use_Keys
accrul/source/accrul/database/AccPeriodLedgerInfo.plsql,accrul,plsql,AccPeriodLedgerInfo,182,Copy___,Company_Finance_API,Get_User_Def_Cal,Company_Finance_API.Get_User_Def_Cal
accrul/source/accrul/database/AccPeriodLedgerInfo.plsql,accrul,plsql,AccPeriodLedgerInfo,201,Copy___,Enterp_Comp_Connect_V170_API,Log_Logging,Enterp_Comp_Connect_V170_API.Log_Logging
accrul/source/accrul/database/AccPeriodLedgerInfo.plsql,accrul,plsql,AccPeriodLedgerInfo,205,Copy___,Language_SYS,Translate_Constant,Language_SYS.Translate_Constant
accrul/source/accrul/database/AccPeriodLedgerInfo.plsql,accrul,plsql,AccPeriodLedgerInfo,206,Copy___,Enterp_Comp_Connect_V170_API,Log_Logging,Enterp_Comp_Connect_V170_API.Log_Logging
accrul/source/accrul/database/AccPeriodLedgerInfo.plsql,accrul,plsql,AccPeriodLedgerInfo,209,Copy___,Enterp_Comp_Connect_V170_API,Log_Logging,Enterp_Comp_Connect_V170_API.Log_Logging
accrul/source/accrul/database/AccPeriodLedgerInfo.plsql,accrul,plsql,AccPeriodLedgerInfo,211,Copy___,Enterp_Comp_Connect_V170_API,Log_Logging,Enterp_Comp_Connect_V170_API.Log_Logging
accrul/source/accrul/database/AccPeriodLedgerInfo.plsql,accrul,plsql,AccPeriodLedgerInfo,215,Copy___,Enterp_Comp_Connect_V170_API,Log_Logging,Enterp_Comp_Connect_V170_API.Log_Logging
accrul/source/accrul/database/AccPeriodLedgerInfo.plsql,accrul,plsql,AccPeriodLedgerInfo,237,Copy___,Enterp_Comp_Connect_V170_API,Log_Logging,Enterp_Comp_Connect_V170_API.Log_Logging
accrul/source/accrul/database/AccPeriodLedgerInfo.plsql,accrul,plsql,AccPeriodLedgerInfo,256,Copy___,Enterp_Comp_Connect_V170_API,Log_Logging,Enterp_Comp_Connect_V170_API.Log_Logging
accrul/source/accrul/database/AccPeriodLedgerInfo.plsql,accrul,plsql,AccPeriodLedgerInfo,261,Copy___,Language_SYS,Translate_Constant,Language_SYS.Translate_Constant
accrul/source/accrul/database/AccPeriodLedgerInfo.plsql,accrul,plsql,AccPeriodLedgerInfo,262,Copy___,Enterp_Comp_Connect_V170_API,Log_Logging,Enterp_Comp_Connect_V170_API.Log_Logging
accrul/source/accrul/database/AccPeriodLedgerInfo.plsql,accrul,plsql,AccPeriodLedgerInfo,265,Copy___,Enterp_Comp_Connect_V170_API,Log_Logging,Enterp_Comp_Connect_V170_API.Log_Logging
accrul/source/accrul/database/AccPeriodLedgerInfo.plsql,accrul,plsql,AccPeriodLedgerInfo,267,Copy___,Enterp_Comp_Connect_V170_API,Log_Logging,Enterp_Comp_Connect_V170_API.Log_Logging
accrul/source/accrul/database/AccPeriodLedgerInfo.plsql,accrul,plsql,AccPeriodLedgerInfo,271,Copy___,Enterp_Comp_Connect_V170_API,Log_Logging,Enterp_Comp_Connect_V170_API.Log_Logging
accrul/source/accrul/database/AccPeriodLedgerInfo.plsql,accrul,plsql,AccPeriodLedgerInfo,277,Copy___,Enterp_Comp_Connect_V170_API,Log_Logging,Enterp_Comp_Connect_V170_API.Log_Logging
accrul/source/accrul/database/AccPeriodLedgerInfo.plsql,accrul,plsql,AccPeriodLedgerInfo,278,Copy___,Enterp_Comp_Connect_V170_API,Log_Logging,Enterp_Comp_Connect_V170_API.Log_Logging
accrul/source/accrul/database/AccPeriodLedgerInfo.plsql,accrul,plsql,AccPeriodLedgerInfo,283,Export___,Enterp_Comp_Connect_V170_API,Crecomp_Lu_Public_Rec,Enterp_Comp_Connect_V170_API.Crecomp_Lu_Public_Rec
accrul/source/accrul/database/AccPeriodLedgerInfo.plsql,accrul,plsql,AccPeriodLedgerInfo,285,Export___,Enterp_Comp_Connect_V170_API,Tem_Public_Rec,Enterp_Comp_Connect_V170_API.Tem_Public_Rec
accrul/source/accrul/database/AccPeriodLedgerInfo.plsql,accrul,plsql,AccPeriodLedgerInfo,305,Export___,Enterp_Comp_Connect_V170_API,Tem_Insert_Detail_Data,Enterp_Comp_Connect_V170_API.Tem_Insert_Detail_Data
accrul/source/accrul/database/AccPeriodLedgerInfo.plsql,accrul,plsql,AccPeriodLedgerInfo,321,Check_Insert___,Error_Sys,Record_General,Error_Sys.Record_General
accrul/source/accrul/database/AccPeriodLedgerInfo.plsql,accrul,plsql,AccPeriodLedgerInfo,325,Check_Insert___,Error_Sys,Record_General,Error_Sys.Record_General
accrul/source/accrul/database/AccPeriodLedgerInfo.plsql,accrul,plsql,AccPeriodLedgerInfo,328,Check_Insert___,Error_Sys,Record_General,Error_Sys.Record_General
accrul/source/accrul/database/AccPeriodLedgerInfo.plsql,accrul,plsql,AccPeriodLedgerInfo,335,Validate_Final_Close___,Accounting_Period_API,Public_Rec,Accounting_Period_API.Public_Rec
accrul/source/accrul/database/AccPeriodLedgerInfo.plsql,accrul,plsql,AccPeriodLedgerInfo,367,Validate_Final_Close___,Accounting_Period_API,Get,Accounting_Period_API.Get
accrul/source/accrul/database/AccPeriodLedgerInfo.plsql,accrul,plsql,AccPeriodLedgerInfo,373,Validate_Final_Close___,Error_SYS,Record_General,Error_SYS.Record_General
accrul/source/accrul/database/AccPeriodLedgerInfo.plsql,accrul,plsql,AccPeriodLedgerInfo,377,Validate_Final_Close___,Acc_Year_Ledger_Info_API,Get_Year_Status_Db,Acc_Year_Ledger_Info_API.Get_Year_Status_Db
accrul/source/accrul/database/AccPeriodLedgerInfo.plsql,accrul,plsql,AccPeriodLedgerInfo,378,Validate_Final_Close___,Error_SYS,Record_General,Error_SYS.Record_General
accrul/source/accrul/database/AccPeriodLedgerInfo.plsql,accrul,plsql,AccPeriodLedgerInfo,385,Validate_Final_Close___,Error_SYS,Record_General,Error_SYS.Record_General
accrul/source/accrul/database/AccPeriodLedgerInfo.plsql,accrul,plsql,AccPeriodLedgerInfo,390,Validate_Final_Close___,Component_Genled_SYS,INSTALLED,Component_Genled_SYS.INSTALLED
accrul/source/accrul/database/AccPeriodLedgerInfo.plsql,accrul,plsql,AccPeriodLedgerInfo,392,Validate_Final_Close___,Accounting_Journal_Item_API,Exists_Journal_Items_In_State,Accounting_Journal_Item_API.Exists_Journal_Items_In_State
accrul/source/accrul/database/AccPeriodLedgerInfo.plsql,accrul,plsql,AccPeriodLedgerInfo,393,Validate_Final_Close___,Error_SYS,Record_General,Error_SYS.Record_General
accrul/source/accrul/database/AccPeriodLedgerInfo.plsql,accrul,plsql,AccPeriodLedgerInfo,405,Prepare_Insert___,Acc_Year_Per_Status_API,Decode,Acc_Year_Per_Status_API.Decode
accrul/source/accrul/database/AccPeriodLedgerInfo.plsql,accrul,plsql,AccPeriodLedgerInfo,405,Prepare_Insert___,Client_SYS,Add_To_Attr,Client_SYS.Add_To_Attr
accrul/source/accrul/database/AccPeriodLedgerInfo.plsql,accrul,plsql,AccPeriodLedgerInfo,406,Prepare_Insert___,Client_SYS,Add_To_Attr,Client_SYS.Add_To_Attr
accrul/source/accrul/database/AccPeriodLedgerInfo.plsql,accrul,plsql,AccPeriodLedgerInfo,406,Prepare_Insert___,Period_Type_API,Decode,Period_Type_API.Decode
accrul/source/accrul/database/AccPeriodLedgerInfo.plsql,accrul,plsql,AccPeriodLedgerInfo,416,Check_Update___,Accounting_Period_API,Public_Rec,Accounting_Period_API.Public_Rec
accrul/source/accrul/database/AccPeriodLedgerInfo.plsql,accrul,plsql,AccPeriodLedgerInfo,423,Check_Update___,Error_SYS,Record_General,Error_SYS.Record_General
accrul/source/accrul/database/AccPeriodLedgerInfo.plsql,accrul,plsql,AccPeriodLedgerInfo,426,Check_Update___,Error_SYS,Record_General,Error_SYS.Record_General
accrul/source/accrul/database/AccPeriodLedgerInfo.plsql,accrul,plsql,AccPeriodLedgerInfo,433,Check_Update___,User_Group_Period_API,Update_Period_Status_,User_Group_Period_API.Update_Period_Status_
accrul/source/accrul/database/AccPeriodLedgerInfo.plsql,accrul,plsql,AccPeriodLedgerInfo,444,Check_Update___,Period_Allocation_API,Check_Year_Period_Exist_Ledger,Period_Allocation_API.Check_Year_Period_Exist_Ledger
accrul/source/accrul/database/AccPeriodLedgerInfo.plsql,accrul,plsql,AccPeriodLedgerInfo,445,Check_Update___,Error_SYS,Record_General,Error_SYS.Record_General
accrul/source/accrul/database/AccPeriodLedgerInfo.plsql,accrul,plsql,AccPeriodLedgerInfo,448,Check_Update___,Accounting_Period_API,Get,Accounting_Period_API.Get
accrul/source/accrul/database/AccPeriodLedgerInfo.plsql,accrul,plsql,AccPeriodLedgerInfo,458,Check_Update___,Component_Genled_SYS,INSTALLED,Component_Genled_SYS.INSTALLED
accrul/source/accrul/database/AccPeriodLedgerInfo.plsql,accrul,plsql,AccPeriodLedgerInfo,459,Check_Update___,Accounting_Journal_Item_API,Sync_Acc_Periods,Accounting_Journal_Item_API.Sync_Acc_Periods
accrul/source/accrul/database/AccPeriodLedgerInfo.plsql,accrul,plsql,AccPeriodLedgerInfo,488,Validate_Close___,Component_Genled_SYS,INSTALLED,Component_Genled_SYS.INSTALLED
accrul/source/accrul/database/AccPeriodLedgerInfo.plsql,accrul,plsql,AccPeriodLedgerInfo,489,Validate_Close___,Acc_Journal_Year_API,Get_Sort_Order_Db,Acc_Journal_Year_API.Get_Sort_Order_Db
accrul/source/accrul/database/AccPeriodLedgerInfo.plsql,accrul,plsql,AccPeriodLedgerInfo,490,Validate_Close___,Gen_Led_Voucher_Row_API,Exists_Row_Not_In_Journal,Gen_Led_Voucher_Row_API.Exists_Row_Not_In_Journal
accrul/source/accrul/database/AccPeriodLedgerInfo.plsql,accrul,plsql,AccPeriodLedgerInfo,491,Validate_Close___,Error_SYS,Record_General,Error_SYS.Record_General
accrul/source/accrul/database/AccPeriodLedgerInfo.plsql,accrul,plsql,AccPeriodLedgerInfo,629,Check_Delete_Record__,Client_SYS,Clear_Attr,Client_SYS.Clear_Attr
accrul/source/accrul/database/AccPeriodLedgerInfo.plsql,accrul,plsql,AccPeriodLedgerInfo,630,Check_Delete_Record__,Client_SYS,Add_To_Attr,Client_SYS.Add_To_Attr
accrul/source/accrul/database/AccPeriodLedgerInfo.plsql,accrul,plsql,AccPeriodLedgerInfo,631,Check_Delete_Record__,Client_SYS,Add_To_Attr,Client_SYS.Add_To_Attr
accrul/source/accrul/database/AccPeriodLedgerInfo.plsql,accrul,plsql,AccPeriodLedgerInfo,632,Check_Delete_Record__,Client_SYS,Add_To_Attr,Client_SYS.Add_To_Attr
accrul/source/accrul/database/AccPeriodLedgerInfo.plsql,accrul,plsql,AccPeriodLedgerInfo,634,Check_Delete_Record__,Component_Genled_SYS,INSTALLED,Component_Genled_SYS.INSTALLED
accrul/source/accrul/database/AccPeriodLedgerInfo.plsql,accrul,plsql,AccPeriodLedgerInfo,636,Check_Delete_Record__,Gen_Led_Voucher_API,Period_Delete_Allowed,Gen_Led_Voucher_API.Period_Delete_Allowed
accrul/source/accrul/database/AccPeriodLedgerInfo.plsql,accrul,plsql,AccPeriodLedgerInfo,637,Check_Delete_Record__,Project_Balance_API,Period_Delete_Allowed,Project_Balance_API.Period_Delete_Allowed
accrul/source/accrul/database/AccPeriodLedgerInfo.plsql,accrul,plsql,AccPeriodLedgerInfo,638,Check_Delete_Record__,Accounting_Journal_Item_API,Sync_Acc_Periods,Accounting_Journal_Item_API.Sync_Acc_Periods
accrul/source/accrul/database/AccPeriodLedgerInfo.plsql,accrul,plsql,AccPeriodLedgerInfo,645,Check_Delete_Record__,Voucher_API,Period_Delete_Allowed,Voucher_API.Period_Delete_Allowed
accrul/source/accrul/database/AccPeriodLedgerInfo.plsql,accrul,plsql,AccPeriodLedgerInfo,648,Check_Delete_Record__,Component_Intled_SYS,INSTALLED,Component_Intled_SYS.INSTALLED
accrul/source/accrul/database/AccPeriodLedgerInfo.plsql,accrul,plsql,AccPeriodLedgerInfo,650,Check_Delete_Record__,Internal_Voucher_API,Period_Delete_Allowed,Internal_Voucher_API.Period_Delete_Allowed
accrul/source/accrul/database/AccPeriodLedgerInfo.plsql,accrul,plsql,AccPeriodLedgerInfo,654,Check_Delete_Record__,Internal_Hold_Voucher_API,Period_Delete_Allowed,Internal_Hold_Voucher_API.Period_Delete_Allowed
accrul/source/accrul/database/AccPeriodLedgerInfo.plsql,accrul,plsql,AccPeriodLedgerInfo,789,Year_Balanced_At_Period_Close,Component_Genled_SYS,INSTALLED,Component_Genled_SYS.INSTALLED
accrul/source/accrul/database/AccPeriodLedgerInfo.plsql,accrul,plsql,AccPeriodLedgerInfo,790,Year_Balanced_At_Period_Close,Accounting_Balance_API,Cal_Tot_Amount_Bal,Accounting_Balance_API.Cal_Tot_Amount_Bal
accrul/source/accrul/database/AccPeriodLedgerInfo.plsql,accrul,plsql,AccPeriodLedgerInfo,796,Year_Balanced_At_Period_Close,Component_Intled_SYS,INSTALLED,Component_Intled_SYS.INSTALLED
accrul/source/accrul/database/AccPeriodLedgerInfo.plsql,accrul,plsql,AccPeriodLedgerInfo,797,Year_Balanced_At_Period_Close,Int_Accounting_Balance_API,Cal_Tot_Amount_Bal_Par,Int_Accounting_Balance_API.Cal_Tot_Amount_Bal_Par
accrul/source/accrul/database/AccPeriodLedgerInfo.plsql,accrul,plsql,AccPeriodLedgerInfo,816,Close_Period_Finally,Client_SYS,Clear_Attr,Client_SYS.Clear_Attr
accrul/source/accrul/database/AccPeriodLedgerInfo.plsql,accrul,plsql,AccPeriodLedgerInfo,817,Close_Period_Finally,Client_SYS,Add_To_Attr,Client_SYS.Add_To_Attr
accrul/source/accrul/database/AccPeriodLedgerInfo.plsql,accrul,plsql,AccPeriodLedgerInfo,828,Close_Period,Client_SYS,Clear_Attr,Client_SYS.Clear_Attr
accrul/source/accrul/database/AccPeriodLedgerInfo.plsql,accrul,plsql,AccPeriodLedgerInfo,829,Close_Period,Client_SYS,Add_To_Attr,Client_SYS.Add_To_Attr
accrul/source/accrul/database/AccPeriodLedgerInfo.plsql,accrul,plsql,AccPeriodLedgerInfo,840,Open_Period,Client_SYS,Clear_Attr,Client_SYS.Clear_Attr
accrul/source/accrul/database/AccPeriodLedgerInfo.plsql,accrul,plsql,AccPeriodLedgerInfo,841,Open_Period,Client_SYS,Add_To_Attr,Client_SYS.Add_To_Attr
accrul/source/accrul/database/AccPeriodLedgerInfo.plsql,accrul,plsql,AccPeriodLedgerInfo,992,Check_Period_Closed,Accounting_Period_API,PeriodTab,Accounting_Period_API.PeriodTab
accrul/source/accrul/database/AccPeriodLedgerInfo.plsql,accrul,plsql,AccPeriodLedgerInfo,1000,Check_Period_Closed,Accounting_Period_API,Get_All_Periods,Accounting_Period_API.Get_All_Periods
accrul/source/accrul/database/AccPeriodLedgerInfo.plsql,accrul,plsql,AccPeriodLedgerInfo,1012,Check_Period_Closed,Accounting_Year_API,Find_Next_Available_Year,Accounting_Year_API.Find_Next_Available_Year
accrul/source/accrul/database/AccPeriodLedgerInfo.plsql,accrul,plsql,AccPeriodLedgerInfo,1084,Open_Period,Error_SYS,Record_General,Error_SYS.Record_General
accrul/source/accrul/database/AccPeriodLedgerInfo.plsql,accrul,plsql,AccPeriodLedgerInfo,1086,Open_Period,Acc_Year_Ledger_Info_API,Get_Year_Status_Db,Acc_Year_Ledger_Info_API.Get_Year_Status_Db
accrul/source/accrul/database/AccPeriodLedgerInfo.plsql,accrul,plsql,AccPeriodLedgerInfo,1087,Open_Period,Error_SYS,Record_General,Error_SYS.Record_General
accrul/source/accrul/database/AccPeriodLedgerInfo.plsql,accrul,plsql,AccPeriodLedgerInfo,1110,Open_All_IL_Period,Acc_Year_Ledger_Info_API,Get_Year_Status_Db,Acc_Year_Ledger_Info_API.Get_Year_Status_Db
accrul/source/accrul/database/AccPeriodLedgerInfo.plsql,accrul,plsql,AccPeriodLedgerInfo,1111,Open_All_IL_Period,Error_SYS,Record_General,Error_SYS.Record_General
accrul/source/accrul/database/AccPeriodLedgerInfo.plsql,accrul,plsql,AccPeriodLedgerInfo,1204,Get_Year_End_Period,Accounting_Period_API,public_rec,Accounting_Period_API.public_rec
accrul/source/accrul/database/AccPeriodLedgerInfo.plsql,accrul,plsql,AccPeriodLedgerInfo,1222,Get_Year_End_Period,Accounting_Period_API,Get_Max_Year_End_Period,Accounting_Period_API.Get_Max_Year_End_Period
accrul/source/accrul/database/AccPeriodLedgerInfo.plsql,accrul,plsql,AccPeriodLedgerInfo,1230,Get_Year_End_Period,Accounting_Period_API,Get,Accounting_Period_API.Get
accrul/source/accrul/database/AccPeriodLedgerInfo.plsql,accrul,plsql,AccPeriodLedgerInfo,1238,Check_Previous_Year_End_Period,Accounting_Period_API,Public_Rec,Accounting_Period_API.Public_Rec
accrul/source/accrul/database/AccPeriodLedgerInfo.plsql,accrul,plsql,AccPeriodLedgerInfo,1261,Check_Previous_Year_End_Period,Error_SYS,Record_General,Error_SYS.Record_General
accrul/source/accrul/database/AccPeriodLedgerInfo.plsql,accrul,plsql,AccPeriodLedgerInfo,1277,Check_Close_Period,Voucher_API,Check_If_Postings_In_Voucher,Voucher_API.Check_If_Postings_In_Voucher
accrul/source/accrul/database/AccPeriodLedgerInfo.plsql,accrul,plsql,AccPeriodLedgerInfo,1279,Check_Close_Period,Component_Intled_SYS,INSTALLED,Component_Intled_SYS.INSTALLED
accrul/source/accrul/database/AccPeriodLedgerInfo.plsql,accrul,plsql,AccPeriodLedgerInfo,1280,Check_Close_Period,Internal_Hold_Voucher_API,Check_If_Postings_In_Voucher,Internal_Hold_Voucher_API.Check_If_Postings_In_Voucher
accrul/source/accrul/database/AccPeriodLedgerInfo.plsql,accrul,plsql,AccPeriodLedgerInfo,1286,Check_Close_Period,Error_SYS,Record_General,Error_SYS.Record_General
accrul/source/accrul/database/AccYearLedgerInfo.plsql,accrul,plsql,AccYearLedgerInfo,67,Validate_Accounting_Year___,Error_SYS,Record_General,Error_SYS.Record_General
accrul/source/accrul/database/AccYearLedgerInfo.plsql,accrul,plsql,AccYearLedgerInfo,72,Import___,Enterp_Comp_Connect_V170_API,Crecomp_Lu_Public_Rec,Enterp_Comp_Connect_V170_API.Crecomp_Lu_Public_Rec
accrul/source/accrul/database/AccYearLedgerInfo.plsql,accrul,plsql,AccYearLedgerInfo,94,Import___,Enterp_Comp_Connect_V170_API,Use_Keys,Enterp_Comp_Connect_V170_API.Use_Keys
accrul/source/accrul/database/AccYearLedgerInfo.plsql,accrul,plsql,AccYearLedgerInfo,110,Import___,Enterp_Comp_Connect_V170_API,Log_Logging,Enterp_Comp_Connect_V170_API.Log_Logging
accrul/source/accrul/database/AccYearLedgerInfo.plsql,accrul,plsql,AccYearLedgerInfo,114,Import___,Language_SYS,Translate_Constant,Language_SYS.Translate_Constant
accrul/source/accrul/database/AccYearLedgerInfo.plsql,accrul,plsql,AccYearLedgerInfo,115,Import___,Enterp_Comp_Connect_V170_API,Log_Logging,Enterp_Comp_Connect_V170_API.Log_Logging
accrul/source/accrul/database/AccYearLedgerInfo.plsql,accrul,plsql,AccYearLedgerInfo,118,Import___,Enterp_Comp_Connect_V170_API,Log_Logging,Enterp_Comp_Connect_V170_API.Log_Logging
accrul/source/accrul/database/AccYearLedgerInfo.plsql,accrul,plsql,AccYearLedgerInfo,120,Import___,Enterp_Comp_Connect_V170_API,Log_Logging,Enterp_Comp_Connect_V170_API.Log_Logging
accrul/source/accrul/database/AccYearLedgerInfo.plsql,accrul,plsql,AccYearLedgerInfo,124,Import___,Company_Finance_API,Get_User_Def_Cal,Company_Finance_API.Get_User_Def_Cal
accrul/source/accrul/database/AccYearLedgerInfo.plsql,accrul,plsql,AccYearLedgerInfo,146,Import___,Enterp_Comp_Connect_V170_API,Log_Logging,Enterp_Comp_Connect_V170_API.Log_Logging
accrul/source/accrul/database/AccYearLedgerInfo.plsql,accrul,plsql,AccYearLedgerInfo,150,Import___,Language_SYS,Translate_Constant,Language_SYS.Translate_Constant
accrul/source/accrul/database/AccYearLedgerInfo.plsql,accrul,plsql,AccYearLedgerInfo,151,Import___,Enterp_Comp_Connect_V170_API,Log_Logging,Enterp_Comp_Connect_V170_API.Log_Logging
accrul/source/accrul/database/AccYearLedgerInfo.plsql,accrul,plsql,AccYearLedgerInfo,154,Import___,Enterp_Comp_Connect_V170_API,Log_Logging,Enterp_Comp_Connect_V170_API.Log_Logging
accrul/source/accrul/database/AccYearLedgerInfo.plsql,accrul,plsql,AccYearLedgerInfo,156,Import___,Enterp_Comp_Connect_V170_API,Log_Logging,Enterp_Comp_Connect_V170_API.Log_Logging
accrul/source/accrul/database/AccYearLedgerInfo.plsql,accrul,plsql,AccYearLedgerInfo,162,Import___,Enterp_Comp_Connect_V170_API,Log_Logging,Enterp_Comp_Connect_V170_API.Log_Logging
accrul/source/accrul/database/AccYearLedgerInfo.plsql,accrul,plsql,AccYearLedgerInfo,168,Import___,Enterp_Comp_Connect_V170_API,Log_Logging,Enterp_Comp_Connect_V170_API.Log_Logging
accrul/source/accrul/database/AccYearLedgerInfo.plsql,accrul,plsql,AccYearLedgerInfo,169,Import___,Enterp_Comp_Connect_V170_API,Log_Logging,Enterp_Comp_Connect_V170_API.Log_Logging
accrul/source/accrul/database/AccYearLedgerInfo.plsql,accrul,plsql,AccYearLedgerInfo,174,Copy___,Enterp_Comp_Connect_V170_API,Crecomp_Lu_Public_Rec,Enterp_Comp_Connect_V170_API.Crecomp_Lu_Public_Rec
accrul/source/accrul/database/AccYearLedgerInfo.plsql,accrul,plsql,AccYearLedgerInfo,195,Copy___,Enterp_Comp_Connect_V170_API,Use_Keys,Enterp_Comp_Connect_V170_API.Use_Keys
accrul/source/accrul/database/AccYearLedgerInfo.plsql,accrul,plsql,AccYearLedgerInfo,211,Copy___,Enterp_Comp_Connect_V170_API,Log_Logging,Enterp_Comp_Connect_V170_API.Log_Logging
accrul/source/accrul/database/AccYearLedgerInfo.plsql,accrul,plsql,AccYearLedgerInfo,215,Copy___,Language_SYS,Translate_Constant,Language_SYS.Translate_Constant
accrul/source/accrul/database/AccYearLedgerInfo.plsql,accrul,plsql,AccYearLedgerInfo,216,Copy___,Enterp_Comp_Connect_V170_API,Log_Logging,Enterp_Comp_Connect_V170_API.Log_Logging
accrul/source/accrul/database/AccYearLedgerInfo.plsql,accrul,plsql,AccYearLedgerInfo,219,Copy___,Enterp_Comp_Connect_V170_API,Log_Logging,Enterp_Comp_Connect_V170_API.Log_Logging
accrul/source/accrul/database/AccYearLedgerInfo.plsql,accrul,plsql,AccYearLedgerInfo,221,Copy___,Enterp_Comp_Connect_V170_API,Log_Logging,Enterp_Comp_Connect_V170_API.Log_Logging
accrul/source/accrul/database/AccYearLedgerInfo.plsql,accrul,plsql,AccYearLedgerInfo,225,Copy___,Company_Finance_API,Get_User_Def_Cal,Company_Finance_API.Get_User_Def_Cal


